{"name":"build-javascript","namedChunkGroups":{"app":{"name":"app","assets":[{"name":"webpack-runtime-fdc3c8283a690d52d264.js","size":4986},{"name":"framework-a182ae02f4e625d35c21.js","size":140375},{"name":"app-74e3b483eba654819be4.js","size":81623}],"filteredAssets":0,"assetsSize":226984,"filteredAuxiliaryAssets":3,"auxiliaryAssetsSize":719311},"component---src-pages-404-tsx":{"name":"component---src-pages-404-tsx","assets":[{"name":"styles.784cde400f73966f6119.css","size":87031},{"name":"commons-e509f8736418f99ccd8b.js","size":10294},{"name":"component---src-pages-404-tsx-16adf60b3b6878d0d14d.js","size":803}],"filteredAssets":0,"assetsSize":98128,"filteredAuxiliaryAssets":14,"auxiliaryAssetsSize":236139},"component---src-pages-index-tsx":{"name":"component---src-pages-index-tsx","assets":[{"name":"styles.784cde400f73966f6119.css","size":87031},{"name":"cb355538-947bac1eb22eb0c2b790.js","size":1405},{"name":"94726e6d-6cab04d8f7ed7ad6559a.js","size":51665},{"name":"commons-e509f8736418f99ccd8b.js","size":10294},{"name":"component---src-pages-index-tsx-8b3bb37e404b2a767ade.js","size":178901}],"filteredAssets":0,"assetsSize":329296,"filteredAuxiliaryAssets":19,"auxiliaryAssetsSize":3965125}},"assetsByChunkName":{"app":["webpack-runtime-fdc3c8283a690d52d264.js","framework-a182ae02f4e625d35c21.js","app-74e3b483eba654819be4.js"],"component---src-pages-404-tsx":["styles.784cde400f73966f6119.css","commons-e509f8736418f99ccd8b.js","component---src-pages-404-tsx-16adf60b3b6878d0d14d.js"],"component---src-pages-index-tsx":["styles.784cde400f73966f6119.css","cb355538-947bac1eb22eb0c2b790.js","94726e6d-6cab04d8f7ed7ad6559a.js","commons-e509f8736418f99ccd8b.js","component---src-pages-index-tsx-8b3bb37e404b2a767ade.js"]},"childAssetsByChunkName":{}}