{"name":"build-javascript","namedChunkGroups":{"app":{"name":"app","assets":[{"name":"webpack-runtime-a077c45dadf86b21a122.js","size":4986},{"name":"framework-c6e39eb9f773b4f341a7.js","size":140336},{"name":"app-0ea4c09c7604560c1aea.js","size":81623}],"filteredAssets":0,"assetsSize":226945,"filteredAuxiliaryAssets":3,"auxiliaryAssetsSize":721218},"component---src-pages-404-tsx":{"name":"component---src-pages-404-tsx","assets":[{"name":"styles.784cde400f73966f6119.css","size":87031},{"name":"commons-0cee2653affbfbe28ef3.js","size":10296},{"name":"component---src-pages-404-tsx-a0626ac4c3101684e6dd.js","size":807}],"filteredAssets":0,"assetsSize":98134,"filteredAuxiliaryAssets":14,"auxiliaryAssetsSize":236413},"component---src-pages-index-tsx":{"name":"component---src-pages-index-tsx","assets":[{"name":"styles.784cde400f73966f6119.css","size":87031},{"name":"cb355538-36768caac02df7283b49.js","size":2503},{"name":"94726e6d-6cab04d8f7ed7ad6559a.js","size":51665},{"name":"commons-0cee2653affbfbe28ef3.js","size":10296},{"name":"component---src-pages-index-tsx-f9502f38b5c29bdffe77.js","size":177707}],"filteredAssets":0,"assetsSize":329202,"filteredAuxiliaryAssets":18,"auxiliaryAssetsSize":3915474}},"assetsByChunkName":{"app":["webpack-runtime-a077c45dadf86b21a122.js","framework-c6e39eb9f773b4f341a7.js","app-0ea4c09c7604560c1aea.js"],"component---src-pages-404-tsx":["styles.784cde400f73966f6119.css","commons-0cee2653affbfbe28ef3.js","component---src-pages-404-tsx-a0626ac4c3101684e6dd.js"],"component---src-pages-index-tsx":["styles.784cde400f73966f6119.css","cb355538-36768caac02df7283b49.js","94726e6d-6cab04d8f7ed7ad6559a.js","commons-0cee2653affbfbe28ef3.js","component---src-pages-index-tsx-f9502f38b5c29bdffe77.js"]},"childAssetsByChunkName":{}}